id,title,selftext,url,flair
fbcfik,Supermarket in Germany ran out of noodles and rice when panic started,,https://i.imgur.com/AHYg06u.jpg,Removed - Misinformation or encouraging drama
fc1sez,The largest indoor water park in the country (USA). DreamWorks Water Park at American Dream is set to open March 19,,https://www.nj.com/bergen/2020/02/itll-cost-you-99-to-go-to-american-dreams-water-park-heres-how-others-compare.html?utm_campaign=njcom_sf&utm_source=facebook&utm_medium=social&utm_content=nj_facebook_njcom&fbclid=IwAR3tJ7SZCIP31-Zau55GJ9d1TqZ8z3IDaH6GGcxHo-lyCRg_YqFVjY24CNM,Removed - Misinformation or encouraging drama
fcdsa6,Top White House official in charge of pandemic response exits abruptly,[removed],,Removed - Misinformation or encouraging drama
fcg7m8,Two people in germany after seeing an asian on the metro,,https://imgur.com/a/G8aobmF,Removed - Misinformation or encouraging drama
fchp5n,24 New Cases Appear In Moscow,[removed],,Removed - Misinformation or encouraging drama
fcsm7b,A different idea of where it came from... 5G.,[removed],,Removed - Misinformation or encouraging drama
fcsvnl,"Virus infects bacteria, lives in guts indefinitely",[removed],,Removed - Misinformation or encouraging drama
fcuwim,New reports coming in about people tired of getting notifications from r/Coronavirus,,http://imgur.com/a/dCnNXhC,Removed - Misinformation or encouraging drama
fd5shx,"Locked post on this sub ""GOP blocking Coronavirus bill"" is disingenuous at best",[removed],,Removed - Misinformation or encouraging drama
fd6x1x,"Two Threads posted minutes from each other. One that makes the administration look bad is locked, the other is kept open. What gives?",,https://i.imgur.com/Bia14JO.png,Removed - Misinformation or encouraging drama
fdehmf,"Apple Store in Belfast, Northern Ireland.",[removed],,Removed - Misinformation or encouraging drama
fdfkul,"COVID-19 Mortality Rates by Country and Analysis, using the South Korean model as a what-if best case scenario",,https://imgur.com/a/BR3v6aO,Removed - Misinformation or encouraging drama
fdg6sv,CCP is already trying to blame other countries for the pandemic - never forget where all of this started and who is really responsible for it.,,https://imgur.com/02e9O0U,Removed - Misinformation or encouraging drama
fdoasl,A Wuhan hospital discovers super effective treatment against Covid-19 using Vitamin C,,https://clinicaltrials.gov/ct2/show/NCT04264533,Removed - Misinformation or encouraging drama
fdorx5,2.6 million confirmed cases shown on John Hopkins map?,,https://puu.sh/FhikD/c576ac5151.png,Removed - Misinformation or encouraging drama
fdxzvp,What do you think about his view?,,https://youtu.be/HNWOhzNl060,Removed - Misinformation or encouraging drama
fednih,"Unhinged NYC train commuter sprays Asian man with deodorizer, fearing he has coronavirus",,https://www.nydailynews.com/new-york/nyc-crime/ny-cops-investigating-anti-asian-bias-crime-20200305-7w3olaoujfe4fmb6npccdq2t2i-story.html,Removed - Misinformation or encouraging drama
fek31w,Dr. Drew continues to peddle the dangerous lie that the Coronavirus is less dangerous than the flu.,,https://losangeles.cbslocal.com/2020/03/06/dr-drew-coronavirus-interview/,Removed - Misinformation or encouraging drama
feueot,WHO only cares about world economy - the proof is their reluctance to call for containment between borders.,,https://i.imgur.com/W6X6yrj.png,Removed - Misinformation or encouraging drama
ff7d35,Could High Mortality rates be correlated with higher number of undetected cases?,,https://www.coronatracker.com/analytics,Removed - Misinformation or encouraging drama
ffmqk7,Professor Spencer Wells at the University of Texas at Austin says Martial Law is coming to the United States and will be called enforced quarantines.,[removed],,Removed - Misinformation or encouraging drama
ffo6lh,"Was Covid-19 man-made in Wuhan by the Chinese govt with the purpose to stop Trump winning 2020 election? They knew it would spread around world, with a focus on allowing it to enter US, to cause a significant economic attack that would lower Trump’s chances of winning the next election. Plausible?",[removed],,Removed - Misinformation or encouraging drama
ffq5ha,"When the cytokine storm hits, keep this drug in mind. The Chinese are using this to treat covid-19 cases where respiration has collapsed due to the immune response.",,https://en.m.wikipedia.org/wiki/Tocilizumab,Removed - Misinformation or encouraging drama
ffq6uk,Scientists created and warned already in 2015 about a fast spreading chimere virus they created by combining SARS with bat coronavirus (Study),,https://www.ncbi.nlm.nih.gov/pubmed/26552008,Removed - Misinformation or encouraging drama
ffrbzo,[META] the sub is getting overwhelmed with people scaremongering and talking about apocalyptic scenarios. Something could be done about it. More info in comments,,https://i.imgur.com/A9iG9yR.jpg,Removed - Misinformation or encouraging drama
ffrgng,Dr. Mercola interviews Dr. Francis A. Boyle about Coronavirus,,https://www.youtube.com/watch?v=VVTbW47hPmo,Removed - Misinformation or encouraging drama
ffuson,Congressman Who Mocked Emergency Coronavirus Bill Goes Into Self-Quarantine,,https://gizmodo.com/congressman-who-mocked-emergency-coronavirus-bill-goes-1842204871,Removed - Misinformation or encouraging drama
ffuz84,"If we in Italy are distinguishing ourselves by not following the rules, in France they broke the record for naivety.",,"https://www.ladepeche.fr/2020/03/09/le-record-du-plus-grand-rassemblement-de-schtroumpfs-au-monde-battu-en-bretagne,8785458.php",Removed - Misinformation or encouraging drama
ffwc7l,"""Coronavirus: Europe aimless"" -- German article shows how European risk management terribly fails and indicates what needs to be done",[removed],,Removed - Misinformation or encouraging drama
ffwzia,A hospital in Norway sent a coronavirus patient home in a taxi without telling the driver and the driver continued to work for the day,,https://www.adressa.no/nyheter/trondelag/2020/03/09/Taxiforbundet-sier-nei-til-koronasmittede-21297117.ece?fbclid=IwAR1Xgv1oC5Kpp0jjWSrbGMVMMvvtXNox1fomdAISaJePRDnQm97kpdXUoZ0,Removed - Misinformation or encouraging drama
ffxb9l,Thai Representative Hilarious Speech at 146th WHO Executive Board,,https://www.youtube.com/watch?v=sYC9QhLcxUw,Removed - Misinformation or encouraging drama
fg3jia,A Greek bishop showing how to protect from Coronavirus. He claims that by spraying holly water on your hands and in your mouth will kill the virus.,[removed],,Removed - Misinformation or encouraging drama
fg6mlu,"Is this how it all started in Italy? Wuhan ""tourists"" flew to Milan on January 23, and then visited even more countries afterwards",,https://www.total-croatia-news.com/lifestyle/41072-chinese-coronavirus-croatia,Removed - Misinformation or encouraging drama
fg9r3u,Three new cases in Romania. These and the one before this one were all found in hospitalized patients!,,https://www.libertatea.ro/stiri/breaking-news-trei-noi-cazuri-de-coronavirus-in-bucuresti-in-noaptea-de-luni-spre-marti-2907085,Removed - Misinformation or encouraging drama
fgch2b,India ignores Kashmiri families' desperate pleas to evacuate students from coronavirus-hit Iran,,https://www.alaraby.co.uk/english/news/2020/3/10/india-ignores-kashmiri-students-trapped-in-coronavirus-hit-iran-1,Removed - Misinformation or encouraging drama
fgdi62,"Opinion: Strictly by the numbers, the coronavirus does not register as a dire global crisis",,https://www.theglobeandmail.com/opinion/article-strictly-by-the-numbers-the-coronavirus-does-not-register-as-a-dire/,Removed - Misinformation or encouraging drama
fgf3a0,"While many large conferences are cancelling, CYPHERCON is making a (poor taste) game out of wearing ineffective masks to their Wisconsin con. Earn points in their game!",[removed],,Removed - Misinformation or encouraging drama
fgp5tj,Virus could be genetically engineered?,,https://wallstreetinsightsandindictments.com/2020/03/covid-19-what-chinas-hiding-is-really-frightening/#deeplink,Removed - Misinformation or encouraging drama
fgu184,"If the coronavirus has taught us one thing, it’s that money is more important than your life.",,https://mamamia.com.au/coronavirus-news-economy/,Removed - Misinformation or encouraging drama
fh034m,Last man on Earth is now an educational series,[removed],,Removed - Misinformation or encouraging drama
fh3uhf,*Reminder* Anyone remember this post? Wondering if this will hold to it’s warnings/claims?,,https://www.reddit.com/r/conspiracy/comments/f7x64d/now_that_italy_has_12_cities_including_milan/?utm_source=share&utm_medium=ios_app&utm_name=iossmf,Removed - Misinformation or encouraging drama
fh7d1m,USA CDC job posting found. Seems it was known mid november the US was going to need quarantine specialists in all major citys in country.,,https://jobs.cdc.gov/job/dallas/public-health-advisor-quarantine-program/250/14136286,Removed - Misinformation or encouraging drama
fh9912,"ALEX JONES SHOW: IT’S OFFICIAL: THE GREAT CORONAVIRUS PANIC OF 2020 HAS BEGUN - Infowars - Mar. 11, 2020",[removed],,Removed - Misinformation or encouraging drama
fhi3eh,"Wolfgang Wodarg, a german doctor, says, that there are just more reported incidents of the coronvirus because people get tested for it more often and that the coronavirus is not new.",,https://www.wodarg.com,Removed - Misinformation or encouraging drama
fhnprx,"Coronavirus: 'I've had worse flu, without a doubt'",[removed],,Removed - Misinformation or encouraging drama
fhqxlj,German scientists from Universität zu Lübeck developed a cure for COVID-19. Translation for the video in the comments.,,"https://www.ndr.de/fernsehen/sendungen/schleswig-holstein_magazin/Luebecker-Forscher-entwickeln-Wirkstoff-gegen-Corona,shmag71008.html",Removed - Misinformation or encouraging drama
fhrmz2,"Chinese Foreign Ministry spokesman implies a supposed possibility of the US release of the coronavirus in Wuhan: ""It might be US army who brought the epidemic to Wuhan.""",,https://twitter.com/zlj517/status/1238111898828066823?s=20,Removed - Misinformation or encouraging drama
fi1y96,JetBlue Passenger Banned for Life After Flying While Knowingly Infected With Coronavirus,,https://www.wptv.com/news/coronavirus/jetblue-bans-man-who-flew-to-pbia-with-coronavirus,Removed - Misinformation or encouraging drama
fi8706,"Citizens in Washington state with mortgages, found something that might explain what will happen if we can’t pay our mortgages?",,https://uscode.house.gov/view.xhtml?path=/prelim@title12/chapter28&edition=prelim,Removed - Misinformation or encouraging drama
ficy9r,Communist China threatens to deny lifesaving coronavirus medication to the US,,https://www.theblaze.com/news/communist-china-threatens-to-deny-life-saving-coronavirus-medication-to-the-us,Removed - Misinformation or encouraging drama
fieda3,Psychology of Morality: Living With Death,[removed],,Removed - Misinformation or encouraging drama
figtf8,Italy's chaotic lockdown proves that draconian pandemic measures don't work in the West,,https://www.telegraph.co.uk/politics/2020/03/10/italys-chaotic-lockdown-proves-draconian-pandemic-measures-dont/,Removed - Misinformation or encouraging drama
fiht9c,"Alternative respiratory machine, hospitals might need this! (Created in 2017)",,https://www.bbc.com/news/business-40498395,Removed - Misinformation or encouraging drama
fiii24,"The Truth ""Must Read"" Theory About The New Corona Virus NCOV NCOVID2019",,https://theworld.data.blog/2020/03/03/100-truth-about-the-ncov-covid-19-ncovid2019-global-event/,Removed - Misinformation or encouraging drama
fijafb,"The ""Deadly second wave"" of the Spanish Flu. The first wave, like coronavirus, mainly killed the elderly. The second wave was much more lethal to younger people.",,https://en.wikipedia.org/wiki/Spanish_flu#Deadly_second_wave,Removed - Misinformation or encouraging drama
fiqztr,"New Jersey coronavirus cases increase to 69, Gov. Murphy says",[removed],,Removed - Misinformation or encouraging drama
fir9fs,Lindsey Graham gets care package from Trump 48 hours after testing without releasing results.,,https://twitter.com/LindseyGrahamSC/status/1238924539138015232?s=09,Removed - Misinformation or encouraging drama
firbir,Everyone panic!!!!!!!!!!!!!!,,https://youtu.be/pVO5Cvv2oAU,Removed - Misinformation or encouraging drama
firju9,"Trump has been obsessively using Purell his whole life, according to this article from July 2019.",[removed],,Removed - Misinformation or encouraging drama
fisaxr,Hoax or a real GOOD news?,[removed],,Removed - Misinformation or encouraging drama
fitnd8,Was the virus and the isolation of it created way before this outbreak?,[removed],,Removed - Misinformation or encouraging drama
fivsei,Virus Pushes China’s Poor Rat Meat Farmers to Brink of Despair,[removed],,Removed - Misinformation or encouraging drama
fivxzd,"Coronavirus: Modi Supported Right-wing Group hosts ‘cow urine party’, says COVID-19 due to meat-eaters",[removed],,Removed - Misinformation or encouraging drama
fj0b5r,"Research in 2010 found that after contracting the flu, people became more sociable, met more people, and in significantly larger groups. So the memes about how the coronavirus makes you want to travel could be real.",,https://www.sciencedirect.com/science/article/abs/pii/S1047279710001651?via%3Dihub,Removed - Misinformation or encouraging drama
fj2vhi,"this whole sub is more speculation and fear-mongering than information and facts, SHUT IT DOWN lmao, but you know you can't help yourselves, FREEDOM!",,https://www.bbc.com/news/health-51048366,Removed - Misinformation or encouraging drama
fj8bxo,"Can silver help us kill the virus? Idk, but it is a good try.",,https://drive.google.com/open?id=1C68slroRB1sOjtjdWnmDOQuQU7q_dWZF,Removed - Misinformation or encouraging drama
fj8zgp,Die Corona Wahrheit? WAS ZUM ?!,,https://youtu.be/s3N0sJmKaI8,Removed - Misinformation or encouraging drama
fj9gzi,Flu outbreak in Italy: Half a million people struck down in a week - The Local,[removed],,Removed - Misinformation or encouraging drama
fjaa27,"It seems in Italy, the use of drugs to reduce fever, such as paracetamol, ibuprofen or aspirin increases the death rate.",[removed],,Removed - Misinformation or encouraging drama
fjauh7,Any truth to this? Can someone support or debunk this?,,https://youtu.be/WkOhFAnJ6Lo,Removed - Misinformation or encouraging drama
fjc5cj,????????????????????????????????????,,https://youtu.be/224KGjVstl4,Removed - Misinformation or encouraging drama
fjcugr,"107 new cases in South Korea | 코로나바이러스감염증-19 > 정보알림 > 가장 먼저 소식을 알려드립니다 내용보기 "" 코로나바이러스감염증-19 국내 발생 현황 (정례브리핑) """,,http://ncov.mohw.go.kr/tcmBoardView.do?brdId=&brdGubun=&dataGubun=&ncvContSeq=353555&contSeq=353555&board_id=&gubun=ALL,Removed - Misinformation or encouraging drama
fje82f,"Hillsborough County, FL Testing requirements are absolute bullshit now that Community Spread has been confirmed.",,https://www.hillsboroughcounty.org/en/newsroom/2020/03/13/covid-19-coronavirus-testing-procedure,Removed - Misinformation or encouraging drama
fjfs1m,Sean Hannity says Deep State is behind Coronavirus,[removed],,Removed - Misinformation or encouraging drama
fjkqkh,The possible origin of the New Coronavirus SARS-CoV-2,,https://www.facebook.com/arun.k.shanker/posts/10222199432719353,Removed - Misinformation or encouraging drama
fjoc8v,"New Mexico proposes legislature to limit sale of gasoline to 1 gallon, ban guns and ammo sales.",,https://www.cabq.gov/council/documents/o-20-4-city-emergency-proposed-legislation.pdf,Removed - Misinformation or encouraging drama
fjs9d7,Is there any possibility to solate Asia?,[removed],,Removed - Misinformation or encouraging drama
fk4f99,"How The New Coronavirus Compares to Past Zoonotic Outbreaks, in One Simple Chart",[removed],,Removed - Misinformation or encouraging drama
fk9a9w,"Belarus dictator wants to treat the virus with vodka... 40 to 50 gram of vodka per day is going to ""poison"" the virus.",,https://charter97.org/en/news/2020/3/17/369665/,Removed - Misinformation or encouraging drama
fkc2q0,"There is no official record of how many recovered patients have retested positive and returned to hospitals, but such cases have been reported in the provinces of Hubei, Guangdong, Hainan, Sichuan and Jiangsu, and the cities of Tianjin and Chongqing.",[removed],,Removed - Misinformation or encouraging drama
fkdsi1,"PETA Pulls ‘Kiss Me, I’m Vegan” Ad Blitz Over Coronavirus Even though the virus is the fault of meat eaters",[removed],,Removed - Misinformation or encouraging drama
fkf00a,Medical company threatens to sue volunteers that 3D-printed valves for life-saving coronavirus treatments,,https://www.theverge.com/2020/3/17/21184308/coronavirus-italy-medical-company-threatens-sue-3d-print-valves-treatments,Removed - Misinformation or encouraging drama
fkf1ty,Calling covid-19 the Chinese virus is as ridiculous as calling other diseases the Christopher Columbus virus,[removed],,Removed - Misinformation or encouraging drama
fkjg83,SC bar with no regard for public health throws huge party on Tuesday night,,https://www.facebook.com/hubcitydelaneys/videos/200816364595010/,Removed - Misinformation or encouraging drama
fkrldc,"In Southern Italy's Naples hospital Cardarelli, 249 doctors took ""sick paid leave"" with no apparent reason in order to avoid working with Coronavirus patients: mayor and Hospital director enraged, called them cowards and traitors: if found healthy during inspection for sick leave, they will be fired",[removed],,Removed - Misinformation or encouraging drama
fkxtzx,Ohio Gov. DeWine asks employers to take temperatures...is this not a HIPPA violation?,[removed],,Removed - Misinformation or encouraging drama
fkxxs0,Hindu group offers cow urine in a bid to ward off coronavirus--Reuters,,https://www.reuters.com/article/us-health-coronavirus-india-cow-urine-pa-idUSKBN2110D5,Removed - Misinformation or encouraging drama
fkya1i,Call for a general rent strike 2020,,https://facebook.com/events/s/general-strikerent-strike-2020/207435327016456/?ti=as,Removed - Misinformation or encouraging drama
fkyiop,Mexican president uses magical cards to ward off coronavirus saying that they make him immune,,https://m.youtube.com/watch?v=CRSo5QZJHZg,Removed - Misinformation or encouraging drama
fl0jcr,"Don't trust the fake news from China about ""donating"" masks and medical supplies to Italy!",,https://youtu.be/r1OOvn_ah98,Removed - Misinformation or encouraging drama
fl0nv2,Florida Governor Ron DeSantis says he is refusing to close beaches even as thousands of people have been seen in footage visiting Florida beaches despite warnings from the CDC to avoid large gatherings during the coronavirus outbreak,,https://twitter.com/stonecold2050/status/1240413445243072513?s=19,Removed - Misinformation or encouraging drama
fl15a2,"Eugenicist, GMO cuck, Epstein buddy, billionaire that doesn't solve world hunger, and inventor of nothing(mouse was invented in the 60s). He stinks and we don't like him.",,https://3er1viui9wo30pkxh1v2nh4w-wpengine.netdna-ssl.com/wp-content/uploads/prod/2014/08/BillGatesHeadshot.jpg,Removed - Misinformation or encouraging drama
fl25c4,5g is the virus. Im going to get banned for this so please watch the link or pm me and I'll send it to you. I keep getting shit down but I am giving you all the truth.,,https://youtu.be/AGgG5oUHGPg,Removed - Misinformation or encouraging drama
fl37xm,Some guy smear spit on pole in Hong Kong metro (why does people do this? it’s the second time I see something like this),[removed],,Removed - Misinformation or encouraging drama
fl4azg,CDC Preparedness 101: Zombie Apocalypse,[removed],,Removed - Misinformation or encouraging drama
fl4r5w,Since Trump is busy creating a racist panic against (ALL) Chinese....,[removed],,Removed - Misinformation or encouraging drama
fl5f9q,If I get Corona I get Corona I'm not gonna let it stop me from partying.,,https://twitter.com/CBSNews/status/1240371160078000128?s=09,Removed - Misinformation or encouraging drama
fl5v50,Dr Paul Cottrell “This is a bioengineered virus”,,https://youtu.be/J6VEYzwSdZU,Removed - Misinformation or encouraging drama
fl835y,RIVM-boss Jaap v. Dissel is on the Dutch medical black list for aqcuitting a doctor that is responsible for serious mutilation and damage to the patient by administering very risky medicines. (Translation in comments).,[removed],,Removed - Misinformation or encouraging drama
fl88l6,"Dr. Thomas Cowan, M.D. hypothesizes that Coronavirus may be history repeating itself and caused by 5G at Health and Human Rights Summit in Tucson, Arizona on March 12, 2020",,https://www.youtube.com/watch?v=KUw1Rzbde5U,Removed - Misinformation or encouraging drama
fl8tst,please share this far and wide to shame stena line,,https://www.dailypost.co.uk/news/north-wales-news/stena-line-suspends-sick-pay-17944279.amp?utm_source=twitter.com&utm_medium=social&utm_campaign=sharebar&__twitter_impression=true&fbclid=IwAR3pP1HeaBdeiNoPhOBgubhmclad74e1zVyuRXJu4W1jtbjHz4RvFOsmuTg,Removed - Misinformation or encouraging drama
fl9zny,People's Daily celebration of virus numbers.,,https://mobile.twitter.com/jane_li911/status/1239523822480564224,Removed - Misinformation or encouraging drama
flajdq,Warmer weather could slow the spread of the coronavirus,[removed],,Removed - Misinformation or encouraging drama
fldhmb,Can any Chinese speakers out there verify this translation? Chinese state media claiming the virus came from the US.,[removed],,Removed - Misinformation or encouraging drama
fldpr3,Ohio Republican running for state Senate calls out Ohio governor DeWine for using science to make his informed decisions.,[removed],,Removed - Misinformation or encouraging drama
fldu57,GameStop caught LYING about COVID-19 procedures,,https://youtu.be/JSYBHMIZ1Q8,Removed - Misinformation or encouraging drama
fldzos,US President blames China for coronavirus pandemic: ‘The world is paying a very big price for what they did’,[removed],,Removed - Misinformation or encouraging drama
fle72z,Free hypnosis: Help to stop touching your face,[removed],,Removed - Misinformation or encouraging drama
flf0pw,FACT CHECK: Trump Compares Coronavirus To Obama Era Swine Flu,,https://www.youtube.com/watch?v=noD4hHyoR4k,Removed - Misinformation or encouraging drama
flfdx1,Proof that Corona virus came from Wuhan and by consuming Bats.,,https://www.youtube.com/watch?v=mNB8zN5CQGc,Removed - Misinformation or encouraging drama
flflep,Coronavirus vs. Contagion - that secret recording of Senator Burr,,https://youtu.be/yRSihasr4HI,Removed - Misinformation or encouraging drama
flgngq,Man Suggests DRINKING YOUR OWN PISS and Staring At The Sun as Effective Methods to Fight + Defend Coronavirus,,https://youtu.be/uJFW2DV1RuY,Removed - Misinformation or encouraging drama
flhepc,HELLO WORLD! Before Economy Totally Disintegrates - Will Anyone Else Notice WHO Director Made BASIC MATH ERROR in Causing Global Coronavirus Panic?,,https://www.thegatewaypundit.com/2020/03/hello-world-before-economy-totally-disintegrates-will-anyone-else-notice-who-director-made-basic-math-error-in-causing-global-coronavirus-panic/,Removed - Misinformation or encouraging drama
flhqou,"We knew about the Coronavirus since Dec. 31st. For the majority of the world, that's over 3 months to prepare for it.",,https://www.who.int/csr/don/05-january-2020-pneumonia-of-unkown-cause-china/en/,Removed - Misinformation or encouraging drama
flj60f,"United States is deploying National Guard in the next 96 hours, 10 states will be shut down including New York and Oregon",[removed],,Removed - Misinformation or encouraging drama
fljn7q,Does anyone believe China is truthful about their figures??,[removed],,Removed - Misinformation or encouraging drama
fljnis,Does Vaping Actually Help With Coronavirus Symptoms?,,https://www.youtube.com/watch?v=miOythpetYQ,Removed - Misinformation or encouraging drama
flk526,Rethinking the Coronavirus Shutdown,,https://www.wsj.com/articles/rethinking-the-coronavirus-shutdown-11584659154,Removed - Misinformation or encouraging drama
flksrj,"Biosafety Level 4 Laboratory User Training Program Wuhan, China.",[removed],,Removed - Misinformation or encouraging drama
flmfa0,"Mr Trump's answer about calling it the ""Kung Flu""",[removed],,Removed - Misinformation or encouraging drama
flmtx9,"Event 201 is a pandemic tabletop exercise hosted by The Johns Hopkins Center for Health Security in partnership with the World Economic Forum and the Bill and Melinda Gates Foundation on October 18, 2019, in New York, NY.",,https://www.youtube.com/watch?v=Vm1-DnxRiPM&t=2614s,Removed - Misinformation or encouraging drama
flnlz9,Hummers traveling via train to Chicago,[removed],,Removed - Misinformation or encouraging drama
flnw14,"Central China TV concludes that US has been able to develop an early vaccine, because they had possession of the virus before spread ever occured.",,https://twitter.com/wutingzy/status/1240661305792565248,Removed - Misinformation or encouraging drama
flq8ns,"South China Morning Post: Mr Trump, what about the ‘American flu’ and ‘Western financial crisis’?.",,https://www.scmp.com/comment/opinion/article/3075992/mr-trump-what-about-american-flu-and-western-financial-crisis,Removed - Misinformation or encouraging drama
flr8tn,Why the government is creating lethal viruses - CNN,[removed],,Removed - Misinformation or encouraging drama
flxp35,Former Sindh CM Arbab Rahim says the coronavirus hit China because it persecuted its Muslims - and then it hit Europe hard because Europe was against the veil,,https://twitter.com/omar_quraishi/status/1240972612727189504?s=20,Removed - Misinformation or encouraging drama
flytv5,"What is 'herd immunity', and will it slow coronavirus pandemic?",,https://www.aljazeera.com/news/2020/03/herd-immunity-slow-coronavirus-pandemic-200320092928984.html,Removed - Misinformation or encouraging drama
flz0lb,"Inside the U.S. military's plans to stop 'civil disturbances' amid coronavirus pandemic, something they haven't done for 30 years",,https://www.newsweek.com/inside-us-militarys-plans-stop-civil-disturbances-amid-coronavirus-pandemic-something-they-1493485,Removed - Misinformation or encouraging drama
fm04sc,How China ignored the Coronavirus warnings.,[removed],,Removed - Misinformation or encouraging drama
fm05ql,10 Unbelievable Conspiracy Theories About The Chinese Coronavirus,,https://www.youtube.com/watch?v=54qQ0RhDcoY,Removed - Misinformation or encouraging drama
fm7fya,"'Fake, Fake': senior Chinese leader heckled by residents on visit to coronavirus city",[removed],,Removed - Misinformation or encouraging drama
fm8a81,"I keep seeing people getting into trouble for saying that it's just like the flu... yet it IS basically just a new flu. It might not be influenza, but it's really no different than the flu. Even these sources demonstrate that fact.",,https://www.sciencealert.com/the-new-coronavirus-isn-t-like-the-flu-but-they-have-one-big-thing-in-common,Removed - Misinformation or encouraging drama
fm8ho2,"Since Wuhan’s rate of cases are declining, people are gonna travel there (for “safety”) and make a second wave of this virus",,https://en.m.wikipedia.org/wiki/Sylvia_Browne,Removed - Misinformation or encouraging drama
fm8jtl,"Coronavirus Disease 2019 and Influenza [JAMA] - Feb. 26, 2020 ""Although a great deal of attention has been given to the coronavirus disease 2019 (COVID-19) epidemic, it is most severe in one area of China and appears to have limited clinical ramifications outside of that region.""",[removed],,Removed - Misinformation or encouraging drama
fm8lly,Emergency Room Doctor in Toronto urges his fellow jewish community members and anyone in Canada to NOT believe the statics. Believes 10x or more people have COVID-19 and are spreading it right now.,,https://m.youtube.com/watch?feature=share&v=nSgooc0m3Eo,Removed - Misinformation or encouraging drama
fmj0cn,"Dr. Thomas Cowan, MD, theorizes that pandemics may be linked to new electromagnetic waves such as 5G, citing multiple correlations. Any thoughts of 5G?",,https://m.youtube.com/watch?v=KUw1Rzbde5U,Removed - Misinformation or encouraging drama
fmj7g0,"Old Ukrainian news about mysterious viral pneumonia outbreak, Jan 13, 2020 . Thats's 18 days before the first confirmed case of covid19 in Italy. Coincidence? WHO knows.",,https://www.youtube.com/watch?v=xzsPm7BUOwQ,Removed - Misinformation or encouraging drama
fmkqol,Covid-19 severity linked to blood type,,https://www.medicalnewstoday.com/articles/is-blood-type-linked-to-covid-19-risk,Removed - Misinformation or encouraging drama
fmndk5,"Virus Drug Touted by Trump, Musk Can Kill In Just Two Grams - Bloomberg",,http://www.bloomberg.com/news/articles/2020-03-20/virus-drug-touted-by-trump-musk-can-kill-with-just-two-grams,Removed - Misinformation or encouraging drama
fmnidl,Some communities hit harder than others: an analysis,[removed],,Removed - Misinformation or encouraging drama
fmplyi,"Calculator you can use to estimate number of infected people in your state/country. This model conservatively estimates that for 24,000 confirmed cases in the US on Mar 21 there are 6 million infected. And the 301 dead were infected 23 days ago, when there were only 57,000 infected (fatality 0.53%).",,http://resonantconsulting.ca/coronavirus/index.php,Removed - Misinformation or encouraging drama
fmrl0a,"Coronavirus has vindicated China, exposed the West | The Stanford Daily",,https://www.stanforddaily.com/2020/03/18/coronavirus-has-vindicated-china-exposed-the-west/,Removed - Misinformation or encouraging drama
fmsljy,"Corona Virus, Disease X - has been spreading for a couple of years",,https://www.youtube.com/watch?v=XDVP4vbeikk,Removed - Misinformation or encouraging drama
fmxr7x,Inadequate plumbing systems likely contributed to SARS transmission,,https://www.who.int/mediacentre/news/releases/2003/pr70/en/,Removed - Misinformation or encouraging drama
fn0jmg,"Coronavirus: ‘strange pneumonia’ seen in Lombardy in November, leading Italian doctor says. Virus was circulating ‘before we were aware of the outbreak in China’",,https://www.scmp.com/news/china/society/article/3076334/coronavirus-strange-pneumonia-seen-lombardy-november-leading,Removed - Misinformation or encouraging drama
fn3n2e,Alex Jones peddled a fake coronavirus cure that can turn people’s skin permanently blue,,https://qz.com/1818606/alex-jones-ordered-to-stop-selling-fake-coronavirus-cures/,Removed - Misinformation or encouraging drama
fn4cyr,Tons of planes over the US...,,https://flightaware.com/live/,Removed - Misinformation or encouraging drama
fn6q9x,"I live in China and we have a mobile app that tells everyone where each case of COVID is at any given time. Not condoning it, just thought it was interesting. Here is an English article about it on the popular app WeChat",,https://mp.weixin.qq.com/s/uRl2lRBuoVU7URMiLy5-BQ,Removed - Misinformation or encouraging drama
fn9ui9,The Coronavirus Is a Disaster for Feminism,[removed],,Removed - Misinformation or encouraging drama
fnoaqm,Coronavirus Caused By 5G?,,https://youtu.be/zFN5LUaqxOA,Removed - Misinformation or encouraging drama
